year	sido	gu	name	addr	x	y
20180401	강원	강릉시	금진초등학교	강원도 강릉시 옥계면 금진안길 2	129.0436	37.6348987
20110401	강원	강릉시	옥계초등학교남양분교장	강원 강릉시 옥계면 남양리524-9	129.0310523	37.579868
20210401	강원	강릉시	옥천초등학교운산분교장	강원도 강릉시 운산길 79-15	128.9376015	37.7298465
20100401	강원	강릉시	왕산초등학교고단분교장	강원도 강릉시 왕산면 고단리32-8	128.8469486	37.5211909
20140401	강원	강릉시	주문초등학교	강원도 강릉시 주문진읍 주문로 26	128.8265729	37.8871854
20140401	강원	강릉시	주문초등학교삼덕분교장	강원도 강릉시 주문진읍 신리천로 410-8	128.7885846	37.8787271
20160401	강원	고성군	거진초등학교송정분교장	강원도 고성군 거진읍 송용길 12	128.4228046	38.4424726
20180401	강원	고성군	명파초등학교	강원도 고성군 현내면 금강산로 840	128.4014256	38.5417857
20090401	강원	고성군	죽정초등학교	강원 고성군 현내면 죽정리1리 372번지	128.4339894	38.4753162
20100401	강원	삼척시	궁촌초등학교	강원도 삼척시 근덕면 궁촌리397 번지	129.2632185	37.3205288
20160401	강원	삼척시	근덕초등학교노곡분교장	강원도 삼척시 노곡면 노곡로 13-27	129.1637171	37.3475278
20180401	강원	삼척시	근덕초등학교동막분교장	강원도 삼척시 근덕면 방재로 16	129.2433972	37.3388635
20160401	강원	삼척시	근덕초등학교마읍분교장	강원도 삼척시 노곡면 문의재로 2522	129.1783431	37.2697548
20200401	강원	삼척시	소달초등학교	강원도 삼척시 도계읍 소달길 54-30	129.0633289	37.2757684
20120401	강원	삼척시	오저초등학교풍곡분교장	강원도 삼척시 가곡면 청옥로4531	129.1569809	37.1267522
20100401	강원	삼척시	임원초등학교신남분교장	강원 삼척시 원덕읍 갈남리456-1	129.3237255	37.2658723
20110401	강원	삼척시	하장초등학교갈전분교장	강원도 삼척시 하장면 갈전리365	128.8941049	37.3829814
20170401	강원	삼척시	하장초등학교역둔분교장	강원도 삼척시 하장면 오두재로 166	128.8812704	37.294276
20080401	강원	삼척시	호산초등학교노실분교장	강원 삼척시 원덕읍 노곡리142-2	129.3416448	37.2021548
20080401	강원	양양군	남천초등학교	강원 양양군 현북면 도리33번지	128.6273432	38.0037971
20180401	강원	양양군	오색초등학교	강원도 양양군 서면 설악로 1173	128.479138	38.074358
20210401	강원	양양군	인구초등학교임호분교장	강원도 양양군 현남면 화상천로 164	128.776887	37.925651
20090401	강원	양양군	인구초등학교장임호분교장	강원 양양군 현남면 임호정리258-2	128.7768551	37.9254315
20200401	강원	영월군	마차초등학교공기분교장	강원도 영월군 북면 굴앞마을길 3	128.4348131	37.3091601
20110401	강원	영월군	마차초등학교문곡분교장	강원도 영월군 북면 문곡리340번지	128.4136468	37.244075
20180401	강원	영월군	마차초등학교연덕분교장	강원도 영월군 북면 삼방산길 53-14	128.426777	37.2880295
20220401	강원	영월군	봉래초등학교거운분교장	강원도 영월군 영월읍 동강로 871-4	128.5120578	37.2363882
20140401	강원	영월군	봉래초등학교문산분교장	강원도 영월군 영월읍 동강로 1488-23	128.5263191	37.2691886
20210401	강원	영월군	쌍룡초등학교토교분교장	강원도 영월군 남면 토교로 301	128.3090659	37.1598319
20190401	강원	영월군	영월초등학교연상분교장	강원도 영월군 중동면 영월로 3815-1	128.6139959	37.1991036
20110401	강원	영월군	옥동초등학교조제분교장	강원도 영월군 김삿갓면 내리40 번지	128.7554308	37.070214
20160401	강원	영월군	청령초등학교	강원도 영월군 영월읍 청령포로 191	128.4414	37.1806263
20160401	강원	원주시	귀래초등학교귀운분교장	강원도 원주시 귀래면 고청길 9	127.863675	37.2243346
20140401	강원	원주시	문막초등학교취병분교장	강원도 원주시 문막읍 내신동1길 60-39	127.8002765	37.3063244
20220401	강원	인제군	기린초등학교방동분교장	강원도 인제군 기린면 조침령로 671	128.373975	37.955443
20190401	강원	인제군	부평초등학교신월분교장	강원도 인제군 남면 신월로 431	128.07645	38.0282333
20180401	강원	인제군	서성초등학교	강원도 인제군 서화면 금강로 1801-42	128.2091987	38.2598838
20170401	강원	인제군	인제초등학교가리산분교장	강원도 인제군 인제읍 한석산로 1654	128.3245375	38.0589667
20100401	강원	정선군	남선초등학교낙동분교장	강원 정선군 남면 낙동리613	128.6807091	37.3198821
20080401	강원	정선군	백전초등학교용소분교장	강원 정선군 동면 백전리101-2	128.8972639	37.2488307
20080401	강원	정선군	북평초등학교숙암분교장	강원 정선군 북평면 숙암리546	128.6127749	37.4768973
20130401	강원	정선군	여량초등학교구절분교장	강원도 정선군 여량면 구절리276-1 번지	128.7321919	37.514819
20130401	강원	정선군	예미초등학교고성분교장	강원도 정선군 신동읍 고성리812 번지	128.5971979	37.2576894
20130401	강원	정선군	임계초등학교군대분교장	강원 정선군 임계면 가목리107	128.9419954	37.5278228
20090401	강원	정선군	임계초등학교도전분교장	강원 정선군 임계면 도전리734-2	128.9079753	37.5042183
20090401	강원	정선군	임계초등학교문래분교장	강원 정선군 임계면 골지리423-1	128.8536479	37.4142083
20120401	강원	철원군	강포초등학교	강원도 철원군 갈말읍 강포2길18	127.294382	38.1161614
20080401	강원	철원군	마현초등학교	강원 철원군 근남면 마현리1270	127.5438716	38.2697179
20080401	강원	춘천시	서천초등학교	강원 춘천시 남산면 백양리431-2번지	127.5550551	37.8356178
20090401	강원	태백시	미동초등학교하사미분교장	강원 태백시 하사미동163-1	128.9913096	37.3042084
20080401	강원	태백시	철암초등학교백산분교장	강원 태백시 백산동89번지	129.0349523	37.1376544
20150401	강원	태백시	화전초등학교	강원도 태백시 태백로 368	128.9553529	37.2021565
20200401	강원	평창군	가평초등학교	강원도 평창군 대화면 가평로 400	128.4824918	37.4476626
20080401	강원	평창군	거문초등학교신기분교장	강원 평창군 진부면 신기리190번지	128.5626409	37.5956533
20120401	강원	평창군	계촌초등학교대미분교장	강원도 평창군 방림면 계촌리520	128.3039473	37.4909897
20150401	강원	평창군	도암초등학교	강원도 평창군 도암새싹길 11	128.6932125	37.6887679
20090401	강원	평창군	두일초등학교	강원 평창군 진부면 두일리144번지	128.5197778	37.6712034
20160401	강원	평창군	약수초등학교	강원도 평창군 평창읍 둥지버들길 138	128.3700576	37.3508703
20120401	강원	평창군	진부초등학교월정분교장	강원 평창군 진부면 간평리103-2	128.5991352	37.7090559
20120401	강원	홍천군	모곡초등학교강야분교장	강원도 홍천군 서면 개야마을길73	127.6298562	37.694599
20160401	강원	홍천군	서석초등학교항곡분교장	강원도 홍천군 서석면 행치령로 801-4	128.1766625	37.7654647
20220401	강원	홍천군	속초초등학교월운분교장	강원도 홍천군 영귀미면 월운로 413	127.9270633	37.6456133
20210401	강원	홍천군	속초초등학교좌운분교장	강원도 홍천군 동면 금계로 1534	128.0119056	37.6357761
20120401	강원	홍천군	율전초등학교방내분교장	강원도 홍천군 내면 여차동길20	128.2665118	37.8261598
20150401	강원	홍천군	주봉초등학교와동분교장	강원도 홍천군 홍천읍 와동로219번길 24주봉초등학교와동분교장	127.9420431	37.7275133
20090401	강원	홍천군	창촌초등학교운두분교장	강원 홍천군 내면 자운리413번지	128.4023326	37.7304264
20140401	강원	홍천군	철정초등학교	강원 홍천군 두촌면 철정여내길 2	127.9915287	37.8082807
20170401	강원	홍천군	화계초등학교노일분교장	강원도 홍천군 북방면 노일로38번길 31	127.7476435	37.6761295
20190401	강원	화천군	상승초등학교노동분교장	강원도 화천군 상서면 가둔지길 10-13	127.6718703	38.1770768
20080401	강원	횡성군	갑천초등학교금성분교	강원 횡성군 갑천면 하대리44번지	128.1622684	37.5381473
20180401	강원	횡성군	갑천초등학교금성분교장	강원도 횡성군 갑천면 갑천로 605	128.1622867	37.5383177
20120401	강원	횡성군	공근초등학교광덕분교장	횡성군 공근면 초학로15번지	127.9269514	37.5289276
20090401	강원	횡성군	덕고초등학교	강원 횡성군 횡성읍 정암리454	128.0217612	37.4733423
20160401	강원	횡성군	둔내초등학교덕성분교장	강원도 횡성군 둔내면 경강로 5353	128.2262643	37.5670093
20090401	강원	횡성군	상창초등학교	강원 횡성군 공근면 부창리209번지	128.0019922	37.5950977
20190401	강원	횡성군	청일초등학교신대분교장	강원도 횡성군 청일면 청일로779번길 117	128.2183786	37.5925975
20160401	강원	횡성군	횡성초등학교당평분교장	강원도 횡성군 갑천면 외갑천로 301	128.0400212	37.565648
20110401	경기	고양시	백마초등학교장항분교장	경기도 고양시 일산동구 장항동580번지	126.7682864	37.6392098
20170401	경기	김포시	감정1초등학교	경기도 김포시 태장로 821	126.6793354	37.6352915
20190401	경기	남양주시	마석초등학교녹촌분교장	경기도 남양주시 화도읍 가구단지6길 63-12	127.2861539	37.6517489
20190401	경기	남양주시	창현초등학교은솔분교장	경기도 남양주시 화도읍 경춘보학2길 9	127.2953802	37.6501311
20210401	경기	부천시	부천덕산초등학교대장분교장	경기도 부천시 대장로 92	126.791197	37.542377
20110401	경기	수원시	매원초등학교(휴교)	경기도 수원시 영통구 원천동141-1번지	127.0584294	37.273534
20110401	경기	수원시	산의초등학교(개교예정)	경기도 수원시 영통구 이의동349번지	127.0504725	37.2933419
20170401	경기	수원시	신풍초등학교신풍분교장	경기도 수원시 팔달구 신풍로 15	127.0138432	37.2829673
20220401	경기	안산시	대남초등학교풍도분교장	경기도 안산시 단원구 풍도길 28	126.392929	37.1112281
20100401	경기	안성시	가율초등학교	경기도 안성시 보개면 이전리347-2번지	127.2957383	37.0600179
20210401	경기	안성시	보개초등학교가율분교장	경기도 안성시 보개면 보개원삼로 649	127.2959284	37.0601549
20210401	경기	안성시	서삼초등학교	경기도 안성시 보개면 보개원삼로 1001	127.3089279	37.0870575
20180401	경기	안성시	원곡초등학교성은분교장	경기도 안성시 원곡면 통심길 8	127.164367	37.0710205
20140401	경기	양평군	서종초등학교정배분교장(폐교)	경기도 양평군 서종면 명덕길 10	127.4232709	37.6030468
20110401	경기	양평군	지평초등학교일신분교장	경기 양평군 지평면일신리 674번지	127.686649	37.4339193
20170401	경기	여주시	북내초등학교주암분교장	경기도 여주시 북내면 주암길 14	127.679238	37.398107
20120401	경기	여주시	점동초등학교뇌곡분교장	경기도 여주군 점동면 성주로584	127.6609647	37.1624689
20080401	경기	연천군	연천왕산초등학교마전분교장	경기 연천군 미산면유촌리 625	126.9886029	38.0493912
20170401	경기	연천군	연천초등학교고문분교장	경기도 연천군 연천읍 현문로 459	127.1130976	38.0653281
20180401	경기	연천군	전곡초등학교적동분교장	경기도 연천군 전곡읍 첫마을길 17	127.0006619	37.9404537
20190401	경기	오산시	운천초등학교세마분교장	경기도 오산시 세마문학로 45	127.0275815	37.1696802
20170401	경기	이천시	부발초등학교백록분교장	경기도 이천시 부발읍 두무재로 79	127.5417736	37.2944197
20100401	경기	이천시	진가초등학교모가분교장	경기도 이천시 모가면 신갈리165-2	127.4486781	37.2020977
20190401	경기	파주시	법원초등학교	경기도 파주시 법원읍 술이홀로 970-9	126.8801544	37.856723
20220401	경기	포천시	금주초등학교	경기도 포천시 영중면 궁들길 50	127.2605401	37.9734908
20150401	경기	포천시	보장초등학교	경기도 포천시 창수면 창동로 115	127.1913121	38.0282186
20220401	경기	포천시	영중초등학교	경기도 포천시 영중면 호국로 3054	127.2481324	38.0147844
20220401	경기	포천시	영평초등학교	경기도 포천시 영중면 전영로1429번길 5	127.217375	38.0161689
20190401	경기	화성시	서신초등학교제부분교장	경기도 화성시 서신면 제부말길 74	126.6261618	37.1699803
20140401	경기	화성시	화남초등학교(휴교)	경기도 오산시 북삼미로 119	127.0614152	37.186116
20100401	경남	거제시	숭덕초등학교화도분교장	경상남도 거제시 둔덕면 술역리816	128.4695627	34.8304995
20120401	경남	고성군	하일초등학교장춘분교장	경상남도 고성군 하일면 춘암4길1	128.1790053	34.9126587
20140401	경남	김해시	신천초등학교	경상남도 김해시 한림면 김해대로 1439-11	128.8292282	35.2781862
20190401	경남	김해시	주동초등학교	경상남도 김해시 주촌면 서부로1701번안길 42	128.8365409	35.2452738
20090401	경남	김해시	한림초등학교가산분교장	경남 김해시 한림면 가산리191-2번지	128.7604351	35.3316302
20110401	경남	남해군	설천초등학교덕신분교장	경상남도 남해군 설천면 덕신리1259-3	127.8734868	34.9324342
20090401	경남	밀양시	단산초등학교	경남 밀양시 산외면 금곡리84-3번지	128.8357796	35.512399
20140401	경남	밀양시	백산초등학교	경상남도 밀양시 하남읍 백산로 292-10	128.7460994	35.370512
20130401	경남	밀양시	수산초등학교하남대사분교장	경상남도 밀양시 하남읍 대사리242-2	128.7334137	35.3935896
20120401	경남	사천시	곤명초등학교(통폐합)	경상남도 사천시 곤명면  봉명로493	127.9383923	35.1099138
20190401	경남	사천시	대방초등학교마도분교장	경상남도 사천시 마도길 23-43	128.0326082	34.9353781
20090401	경남	사천시	삼천포초등학교신도분교	경남 사천시 늑도동587-1 번지	128.0304825	34.9280183
20120401	경남	사천시	선진초등학교	경상남도 사천시 용현면 통양 1길53	128.0540532	35.0378767
20090401	경남	사천시	신수도초등학교	경남 사천시 신수동217번지	128.0749147	34.9037596
20110401	경남	사천시	완사초등학교	경상남도 사천시 곤명면 정곡리848-1	127.9744671	35.1306483
20110401	경남	양산시	동면초등학교	경상남도 양산시 동면 사송리874-1	129.0712718	35.3125404
20170401	경남	의령군	봉수초등학교	경상남도 의령군 봉수면 한지9길 6	128.2401741	35.4792042
20080401	경남	진주시	내동초등학교신광분교장	경남 진주시 내동면 삼계리산267-9번지	128.0300198	35.1395041
20090401	경남	진주시	덕오초등학교	경남 진주시 집현면 덕오리725-2번지	128.1254986	35.2484688
20090401	경남	진주시	두문초등학교	경남 진주시 금곡면 두문리682-5번지	128.1850733	35.0894896
20090401	경남	진주시	송정초등학교	경남 진주시 지수면 압사리1065-1	128.2526916	35.2330664
20120401	경남	진주시	용우초등학교	경상남도 진주시 명석면 광제산로23	128.0403011	35.2181611
20100401	경남	진주시	중안초등학교	경상남도 진주시 인사동1-25	128.0784117	35.1928463
20180401	경남	진주시	한평초등학교	경상남도 진주시 대평면 한들길 65	127.9598548	35.2351079
20090401	경남	창녕군	냉천초등학교	경남 창녕군 성산면 정녕리28번지	128.4779279	35.6236088
20100401	경남	창원시	명동초등학교	경상남도 진해시 명동338	128.7208139	35.0971486
20150401	경남	창원시	웅천초등학교명동분교장	경상남도 창원시 진해구 명동로 93	128.7205887	35.097288
20140401	경남	창원시	웅천초등학교연도분교장	경상남도 창원시 진해구 연도로 6	128.767494	35.0664404
20090401	경남	창원시	진해제황초등학교	경남 진해시 제황산동28-2번지	128.6696591	35.1482121
20110401	경남	통영시	사량초등학교내지분교장	경상남도 통영시 사량면 돈지리223-1	128.1829046	34.8553456
20120401	경남	통영시	사량초등학교돈지분교장	경상남도 통영시 사량면 돈지길86-4	128.1814701	34.8395365
20120401	경남	통영시	사량초등학교양지분교장	경상남도 통영시 사량면 능양윗길79	128.2343584	34.8128596
20120401	경남	통영시	사량초등학교읍덕분교장	경상남도 통영시 사량면 하도일주로261-38	128.2116889	34.825192
20200401	경남	통영시	산양초등학교학림분교장	경상남도 통영시 산양읍 학림길 84	128.4076237	34.7472719
20100401	경남	통영시	영운초등학교	경상남도 통영시 산양읍 영운리860	128.4314508	34.8066495
20140401	경남	통영시	원량초등학교두남분교장	경상남도 통영시 욕지면 두미남부길 84-2	128.1984964	34.6992735
20080401	경남	통영시	원량초등학교옥동분교장	경남 통영시 욕지면 동항리384-1번지	128.2739425	34.6248521
20140401	경남	통영시	원평초등학교지도분교장	경상남도 통영시 용남면 지도해안로 303	128.4723519	34.9146102
20210401	경남	통영시	한려초등학교영운분교장	경상남도 통영시 산양읍 산양일주로 236	128.4316345	34.8069667
20100401	경남	통영시	한산초등학교하소분교장	경상남도 통영시 한산면 하소리430	128.4898108	34.7577685
20090401	경남	하동군	노량초등학교대도분교장	경남 하동군 금남면 대도리81	127.8306505	34.9327508
20130401	경남	하동군	청암초등학교	경상남도 하동군 청암면 청학로 716번지청암초등학교	127.7974038	35.1596562
20120401	경남	함안군	관동초등학교	경상남도 함안군 법수면장백로 675	128.3298669	35.3223988
20160401	경남	함안군	칠북초등학교	경상남도 함안군 칠북면 단내로 57	128.5282494	35.3484553
20150401	경남	함안군	칠북초등학교이령분교장	경상남도 함안군 칠북면 온천로 63	128.5391124	35.3661469
20190401	경남	합천군	가산초등학교	경상남도 합천군 가야면 가조가야로 2754-10	128.127325	35.749785
20130401	경남	합천군	덕곡초등학교	경상남도 합천군 덕곡면 오광대로711	128.3210718	35.6292026
20190401	경남	합천군	숭산초등학교	경상남도 합천군 가야면 매안대전길 18-6	128.1066334	35.7322101
20190401	경남	합천군	해인초등학교	경상남도 합천군 가야면 치인3길 8	128.085338	35.793392
20220401	경북	경산시	하양초등학교화성분교장	경상북도 경산시 하양읍 화성로 171하양초화성분교장	128.7903263	35.8860638
20140401	경북	경주시	강동초등학교단구분교장	경상북도 경주시 강동면 단구안계길 62-1	129.244501	36.051866
20090401	경북	경주시	강동초등학교왕신분교장	경북 경주시 강동면 왕신리669-1번지	129.2911301	35.9674045
20210401	경북	경주시	모아초등학교모서분교장	경상북도 경주시 강동면 모서안길 99-16	129.2528492	35.9507101
20130401	경북	경주시	안강북부초등학교	경북 경주시 안강읍 육통리543-3번지	129.2256623	36.0214424
20150401	경북	경주시	양남초등학교상계분교장	경상북도 경주시 양남면 화림길 7-3	129.4251483	35.6692168
20100401	경북	경주시	양북초등학교송전분교장	경상북도 경주시 양북면 송전리94	129.4271462	35.7656435
20100401	경북	경주시	오릉초등학교	경북 경주시 탑동676-2번지	129.2138085	35.8199125
20170401	경북	경주시	천북초등학교물천분교장	경상북도 경주시 천북면 물천안길 31	129.2816418	35.8691121
20080401	경북	고령군	개진초등학교영동분교장	경북 고령군 개진면 생리251번지	128.4129849	35.7174924
20080401	경북	고령군	다산초등학교벌지분교장	경북 고령군 다산면 벌지리63번지	128.4075094	35.8180386
20110401	경북	고령군	안림초등학교	경북 고령군 쌍림면 안림천길19-6	128.2597125	35.6924395
20130401	경북	고령군	우곡초등학교도진분교장	경상북도 고령군 우곡면 도진리270	128.3431339	35.675901
20080401	경북	고령군	직동초등학교	경북 고령군 개진면 직리804-2	128.307746	35.7227307
20120401	경북	구미시	예산초등학교	경북 구미시 선산읍 김선로619번지	128.2641596	36.2154192
20110401	경북	구미시	임봉초등학교	경상북도 구미시 산동면 임봉길51-8 번지	128.4596878	36.1407214
20080401	경북	구미시	해평초등학교일선분교장	경북 구미시 해평면 낙산리588-1	128.3531662	36.2531
20130401	경북	구미시	해평초등학교향산분교장	경상북도 구미시 해평면 산양리57-1	128.3712669	36.2261516
20120401	경북	군위군	대율초등학교	경상북도 군위군 부계면 한밤8길 2대율초등학교	128.6540343	36.0628512
20120401	경북	군위군	산성초등학교	경북 군위군 산성면 화본1길5	128.6950249	36.1242556
20120401	경북	군위군	석산초등학교	경북 군위군 고로면 삼국유사로1314	128.8547222	36.1747605
20090401	경북	김천시	구성초등학교과곡분교장	경북 김천시 구성면 송죽리111번지	128.0786266	36.0588953
20110401	경북	김천시	구성초등학교양각분교장	경상북도 김천시 구성면 양각길139-12	128.0794666	36.0834493
20100401	경북	김천시	금오산초등학교	경상북도 김천시 남면 운남리567	128.1986854	36.1262244
20080401	경북	김천시	농소초등학교봉곡분교장	경북 김천시 농소면 봉곡리1214	128.1775163	36.0719085
20150401	경북	김천시	능치초등학교	경상북도 김천시 어모면 작점로 817	128.06515	36.232118
20080401	경북	김천시	대방초등학교	경북 김천시 조마면 대방리539번지	128.13141	36.001755
20150401	경북	김천시	대신초등학교	경상북도 김천시 아포읍 대신길 103	128.1958114	36.1547777
20150401	경북	김천시	부항초등학교	경상북도 김천시 부항면 양지말길 6	127.941575	35.986951
20190401	경북	김천시	양천초등학교	경상북도 김천시 하로길 235	128.1059794	36.0928255
20130401	경북	김천시	지동초등학교	경상북도 김천시 아포읍 지리376번지	128.2522315	36.1850078
20170401	경북	김천시	태화초등학교	경상북도 김천시 봉산면 봉산1로 43	128.028617	36.1531199
20100401	경북	문경시	동성초등학교마성분교장	경상북도 문경시 마성면 정리25-3	128.1075676	36.6877266
20090401	경북	문경시	산양초등학교금동분교장	경북 문경시 산양면 과곡리594	128.2723067	36.6369399
20090401	경북	문경시	신기초등학교대성분교장	경북 문경시 호계면 견탄리500-5	128.1522651	36.6477391
20080401	경북	문경시	영순초등학교영창분교장	경북 문경시 영순면 말응리524번지	128.2460753	36.5450049
20130401	경북	봉화군	명호초등학교북곡분교장	경상북도 봉화군 명호면 북곡리1309	128.8878385	36.8061222
20120401	경북	봉화군	물야초등학교개단분교장	경상북도 봉화군 물야면월계길 321	128.7611354	36.9662033
20160401	경북	봉화군	물야초등학교수식분교장	경상북도 봉화군 물야면 두문로 370	128.679099	36.9382889
20090401	경북	봉화군	석포초등대현분교장	경북 봉화군 석포면 대현리90-5	129.0042812	37.0594969
20110401	경북	봉화군	석포초등학교대현분교장	경상북도 봉화군 석포면 청옥로1893	129.0039795	37.0597049
20150401	경북	봉화군	소천초등학교남회룡분교장	경상북도 봉화군 소천면 남회룡로 777	129.153525	36.876332
20210401	경북	봉화군	소천초등학교분천분교장	경상북도 봉화군 소천면 풍애길 36	129.055088	36.927643
20090401	경북	봉화군	춘양초등학교눌산분교장	경북 봉화군 법전면 눌산리1134-2	128.9531567	36.8931923
20130401	경북	상주시	공서초등학교	경상북도 상주시 공성면 금계리33	128.0777647	36.299805
20170401	경북	상주시	낙동초등학교용포분교장	경상북도 상주시 낙동면 선상서로 1587	128.213482	36.3301146
20090401	경북	상주시	모서초등학교화산분교장	경북 상주시 모서면 정산리355-2	127.8723114	36.3069698
20130401	경북	상주시	외남초등학교삼남분교장	경상북도 상주시 외남면 신촌리467	128.0798569	36.3454579
20110401	경북	상주시	청동초등학교	경상북도 상주시 청리면 덕산1길16-5번지	128.112864	36.341657
20140401	경북	상주시	함창초등학교숭덕분교장	경상북도 상주시 이안면 이안2길 3	128.1604705	36.5409803
20120401	경북	상주시	화령초등학교송계분교장	경상북도 상주시 화서면 문장로288번지	127.9780302	36.4638299
20180401	경북	성주군	가천초등학교무학분교장	경상북도 성주군 금수면 성주로 587-4	128.096913	35.92611
20170401	경북	성주군	도원초등학교선남동부분교장	경상북도 성주군 선남면 선노로 678	128.393075	35.933226
20150401	경북	성주군	봉소초등학교	경상북도 성주군 초전면 용소길 60	128.2626414	36.0255955
20150401	경북	성주군	지방초등학교	경상북도 성주군 월항면 세종대왕자태실로 211	128.289425	35.987093
20120401	경북	성주군	지사초등학교	경상북도 성주군 수륜면 오천리280번지	128.2316767	35.8156181
20080401	경북	안동시	북후초등학교연곡분교장	경북 안동시 북후면 연곡리414-1	128.7313189	36.6641235
20220401	경북	안동시	서후초등학교대흥분교장	경상북도 안동시 서후면 대두서6길 12	128.622575	36.622249
20090401	경북	안동시	온혜초등학교예안분교장	경북 안동시 도산면 서부리214-2	128.8122879	36.7013197
20090401	경북	안동시	일직남부초등학교	경북 안동시 일직면 망호리819	128.6650963	36.4610648
20160401	경북	안동시	풍천초등학교	경상북도 안동시 풍천면 봉호로 3626	128.4612322	36.5449298
20120401	경북	영덕군	야성초등학교	경상북도 영덕군 영덕읍야성길 15	129.3686211	36.4071227
20160401	경북	영덕군	영덕야성초등학교매정분교장	경상북도 영덕군 영덕읍 매정길 235	129.422185	36.4456677
20150401	경북	영덕군	영덕야성초등학교창포분교장	경상북도 영덕군 영덕읍 창포길 2-11	129.4279817	36.4095938
20110401	경북	영덕군	영덕초등학교	경북 영덕군 영덕읍 덕곡4길8번지	129.3680938	36.4129833
20110401	경북	영덕군	영덕초등학교매정분교장	경상북도 영덕군 영덕읍매정길 235	129.422185	36.4456677
20110401	경북	영덕군	영덕초등학교창포분교장	경상북도 영덕군 영덕읍창포길 2-11	129.4279817	36.4095938
20090401	경북	영덕군	영해초등학교영해동부분교장	경북 영덕군 영해면 괴시리490번지	129.4263271	36.5549987
20110401	경북	영덕군	영해초등학교축산분교장	경상북도 영덕군 축산면영축로 963	129.4049158	36.5092932
20150401	경북	영양군	일월초등학교청북분교장	경상북도 영양군 청기면 재일로 1383-23	129.052983	36.7571061
20120401	경북	영주시	봉현서부초등학교	경상북도 영주시 봉현면 테라피로521번길	128.5016696	36.8719567
20100401	경북	영주시	부석초등학교남대분교장	경상북도 영주시 부석면 남대리354	128.6552931	37.0463688
20120401	경북	영천시	영천남부초등학교	경북 영천시 한방로273-6	128.9575822	35.9413297
20080401	경북	영천시	창산초등학교	경북 영천시 금호읍 원기리277번지	128.8812003	35.9077673
20090401	경북	예천군	감천초등학교덕율분교장	경북 예천군 감천면 덕율리143번지	128.5052387	36.7046831
20080401	경북	예천군	감천초등학교옥천분교장	경북 예천군 보문면 옥천리242번지	128.5555413	36.7095303
20080401	경북	예천군	예천남부초등학교신당분교장	경북 예천군 호명면 내신리362번지	128.4398251	36.6228851
20090401	경북	예천군	예천남부초등학교인포분교장	경북 예천군 호명면 월포리382	128.4789116	36.6201618
20080401	경북	예천군	예천동부초등학교보문분교장	경북 예천군 보문면 수계리658-1	128.5476051	36.6887695
20090401	경북	예천군	용궁초등학교장평분교장	경북 예천군 용궁면 월오리690	128.311575	36.6272181
20120401	경북	울릉군	남양초등학교태하분교장	경상북도 울릉군 서면 태하길130	130.8018024	37.5130688
20090401	경북	울진군	매화초등학교덕신분교장	경북 울진군 원남면 오산리931	129.4124311	36.8904066
20150401	경북	울진군	사동초등학교	경상북도 울진군 기성면 해월헌길 19	129.437813	36.829942
20170401	경북	울진군	삼근초등학교광회분교장	경상북도 울진군 금강송면 회룡천1길 26-5	129.1028976	36.9459436
20190401	경북	울진군	삼근초등학교왕피분교장	경상북도 울진군 금강송면 거리고길 71	129.2769655	36.8824031
20140401	경북	의성군	단북초등학교	경상북도 의성군 단북면 중련길 22-8	128.4069168	36.3905071
20110401	경북	의성군	사곡초등학교	경상북도 의성군 사곡면 의성사곡로965	128.7880014	36.3068156
20100401	경북	의성군	상천초등학교	경북 의성군 금성면 제오리904-1	128.7042973	36.2854938
20210401	경북	의성군	이두초등학교	경상북도 의성군 비안면 강변길 105	128.495263	36.337624
20080401	경북	의성군	이두초등학교비안분교장	경북 의성군 비안면 서부리35번지	128.4949625	36.3252345
20150401	경북	청도군	동곡초등학교	경상북도 청도군 금천면 동곡1길 11-5	128.8949204	35.6899828
20120401	경북	청도군	매전초등학교	경상북도 청도군 매전면 청매로1288	128.8381323	35.6426749
20150401	경북	청도군	방지초등학교	경상북도 청도군 금천면 청려로 4649	128.9084734	35.71256
20090401	경북	청도군	방지초등학교문명분교장	경북 청도군 운문면 신원리1230-1	128.9611847	35.6847714
20080401	경북	청도군	칠곡초등학교	경북 청도군 이서면 양원리129-5	128.6865643	35.6939916
20130401	경북	청송군	대전초등학교	경상북도 청송군 부남면 대전리14	129.0562901	36.3412384
20220401	경북	칠곡군	북삼초등학교오평분교장	경상북도 칠곡군 북삼읍 시덕로 311	128.3787045	36.0594264
20140401	경북	포항시	구룡포초등학교구남분교장	경상북도 포항시 남구 구룡포읍 동해안로4287번길 6	129.5367362	35.9496547
20110401	경북	포항시	구룡포초등학교구동분교장	경상북도 포항시 남구 구룡포읍 용주로7번길30	129.5612101	35.9917781
20080401	경북	포항시	죽장초등학교죽북분교장	경북 포항시 북구 죽장면 합덕리276	129.0960128	36.2025281
20160401	경북	포항시	청하초등학교청하남부분교장	경상북도 포항시 북구 청하면 사방공원길 27	129.3425223	36.1686213
20170401	경북	포항시	포항제철동초등학교	경상북도 포항시 남구 지곡로 60	129.3278289	36.0128005
20170401	경북	포항시	포항제철서초등학교	경상북도 포항시 남구 지곡로 25	129.3273905	36.0092673
20220401	광주	광산구	신가초등학교	광주광역시 광산구 신가로40번길 21	126.8278526	35.1826649
20220401	광주	북구	경양초등학교	광주광역시 북구 북문대로98번길 20	126.878987	35.180251
20090401	광주	북구	광주동초등학교충효분교	광주 북구 충효동529-2	127.0030155	35.1811209
20140401	광주	북구	광주지산초등학교북분교장	광주광역시 북구 하서로 985	126.914075	35.246368
20170401	대구	북구	대구대동초등학교	대구광역시 북구 대동로1길 40	128.6118383	35.8973687
20140401	대전	대덕구	신탄진초등학교새여울분교장	대전광역시 대덕구 대덕대로 1585	127.4230109	36.4517895
20140401	대전	서구	기성초등학교길헌분교	대전광역시 서구 당고개길 48	127.3163698	36.2417041
20100401	대전	유성구	대전보덕초등학교	대전광역시 유성구 봉산동839	127.3900511	36.4360566
20110401	부산	강서구	눌차초등학교	부산광역시 강서구 눌차동587번지 눌차초등학교	128.8410266	35.0687351
20180401	부산	강서구	대저중앙초등학교	부산광역시 강서구 공항로811번길 46	128.9556187	35.180491
20190401	부산	강서구	덕도초등학교	부산광역시 강서구 상덕로 113	128.9157191	35.1925306
20170401	부산	강서구	송정초등학교(폐교)	부산광역시 강서구 가락대로 230-72	128.8416946	35.1064448
20090401	부산	강서구	천가초등학교대항분교	부산 강서구 대항동175번지	128.8279918	35.0110693
20130401	부산	강서구	천가초등학교대항분교장	부산광역시 강서구 성북동   175	128.8322411	35.0596401
20090401	부산	강서구	천가초등학교천성분교	부산 강서구 천성동813번지	128.8131207	35.0314127
20220401	부산	금정구	서곡초등학교	부산광역시 금정구 윤산로 279	129.1049081	35.2204596
20180401	부산	금정구	회동초등학교	부산광역시 금정구 금사로 217	129.1205879	35.2301469
20170401	부산	기장군	대변초등학교	부산광역시 기장군 기장읍 기장해안로 577	129.2267971	35.2252011
20210401	부산	동구	좌성초등학교	부산광역시 동구 증산동로 59	129.0521453	35.1374307
20190401	부산	사하구	감정초등학교	부산광역시 사하구 옥천로 130	129.011063	35.096882
20090401	부산	중구	삼육초등학교	부산 중구 영주1동63-31번지	129.0338335	35.1131383
20200401	부산	해운대구	위봉초등학교	부산광역시 해운대구 재반로 301	129.1294978	35.2027867
20220401	서울	강남구	서울개원초등학교	서울특별시 강남구 선릉로 29	127.0590411	37.4818026
20220401	서울	강동구	서울둔촌초등학교	서울특별시 강동구 양재대로88길 27	127.1373696	37.5262185
20220401	서울	강동구	서울위례초등학교	서울특별시 강동구 명일로 23	127.1393681	37.5223948
20150401	서울	강서구	서울공진초등학교공진분교장	서울특별시 강서구 양천로55길 22	126.8506223	37.5654768
20200401	서울	강서구	서울염강초등학교	서울특별시 강서구 허준로 221-22	126.8640385	37.561253
20150401	서울	금천구	서울흥일초등학교	서울특별시 금천구 독산로50길 60	126.9071063	37.4624064
20130401	서울	송파구	서울장지초등학교	서울특별시 송파구 장지동185-2	127.130262	37.482658
20150401	서울	은평구	알로이시오초등학교	서울특별시 은평구 백련산로14길 20-11	126.928742	37.5975586
20210401	서울	은평구	은혜초등학교	서울특별시 은평구 통일로78가길 20	126.9273984	37.6177586
20150401	서울	종로구	서울숭신초등학교	서울특별시 종로구 종로58길 30	127.0181179	37.5717623
20140401	세종	세종시	연기도원초등학교	세종특별자치시  연서면 도원로 63	127.2872582	36.5859313
20120401	울산	북구	효문초등학교	울산광역시 북구 효문동767번지	129.3683482	35.566692
20160401	울산	울주군	궁근정초등학교	울산광역시 울주군 상북면 석남로 832	129.0678943	35.6150209
20150401	울산	울주군	궁근정초등학교소호분교	울산광역시 울주군 상북면 소호당리길 1궁근정초등학교소호분교장	129.0860696	35.6707456
20100401	울산	울주군	궁근정초등학교소호분교장	울산광역시 울주군 상북면 소호리855	129.0861946	35.6700457
20160401	울산	울주군	길천초등학교	울산광역시 울주군 상북면 명촌길천로 341	129.0848508	35.5850051
20120401	울산	울주군	봉월초등학교	울산 울주군 두동면 봉계리1030-3번지	129.2070757	35.7018134
20180401	울산	울주군	상북초등학교소호분교	울산광역시 울주군 상북면 소호당리길 1	129.0860696	35.6707456
20160401	울산	울주군	향산초등학교	울산광역시 울주군 상북면 상북로 162	129.099705	35.5823966
20190401	인천	강화군	난정초등학교	인천광역시 강화군 교동면 교동서로378번길 28	126.2392752	37.7703018
20190401	인천	강화군	서도초등학교볼음분교장	인천광역시 강화군 서도면 볼음도길 248	126.1897729	37.6712681
20200401	인천	연수구	인천아암초등학교	인천광역시 연수구 센트럴로 460	126.6297164	37.4139322
20220401	인천	옹진군	대청초등학교소청분교장	인천광역시 옹진군 대청면 소청동로 69-13	124.7509964	37.7737245
20150401	인천	옹진군	영흥초등학교선재분교장	인천광역시 옹진군 영흥면 선재로34번길 197	126.5340323	37.2374622
20080401	인천	옹진군	인천주안남초등학교승봉분교	인천 옹진군 자월면 승봉리712	126.2972972	37.1706364
20220401	인천	옹진군	인천주안남초등학교승봉분교장	인천광역시 옹진군 자월면 승봉로67번길 43-18	126.2968617	37.1705957
20220401	전남	강진군	강진북초등학교	전라남도 강진군 강진읍 지전로안길 83	126.7336714	34.641501
20090401	전남	강진군	강진서초등학교	전남 강진군 강진읍 학명리320-1	126.755265	34.6137795
20090401	전남	고흥군	금산제일초등학교	전남 고흥군 금산면 어전리1240	127.1183525	34.4468047
20220401	전남	고흥군	남양초등학교우도분교장	전라남도 고흥군 남양면 우도길 18	127.314075	34.7222833
20080401	전남	고흥군	대서초등학교안남분교장	전남 고흥군 대서면 안남리625	127.2720147	34.7493329
20120401	전남	고흥군	망주초등학교	전라남도 고흥군 남양면와야길 17	127.3636898	34.7590882
20120401	전남	고흥군	봉래초등학교봉래남분교장	전라남도 고흥군 봉래면 교동길17번지	127.489858	34.451599
20200401	전남	고흥군	점암초등학교신안분교장	전라남도 고흥군 점암면 고흥로 2620-13	127.3411516	34.6575682
20160401	전남	고흥군	점암초등학교화계분교장	전라남도 고흥군 점암면 화전2길 5	127.432818	34.6579613
20140401	전남	광양시	광양남초등학교	전라남도 광양시 광양읍 제철로 59	127.6063313	34.9602561
20170401	전남	광양시	진상초등학교황죽분교장	전라남도 광양시 진상면 신황길 126	127.6879449	35.0529352
20140401	전남	광양시	진월초등학교월길분교장	전라남도 광양시 진월면 대리동백길 5	127.7559282	35.034696
20080401	전남	나주시	금천남초등학교	전남 나주시 금천면 동악리566	126.7691105	35.0073187
20080401	전남	나주시	나주초등학교이화분교장	전남 나주시 토계동318	126.7294582	35.0201241
20100401	전남	나주시	문평남초등학교	전라남도 나주시 문평면옥당리 1119	126.6108878	35.029807
20130401	전남	나주시	산포초등학교덕례분교장	전라남도 나주시 산포면 덕례리	126.7928	35.0543
20090401	전남	나주시	산포초등학교신도분교장	전남 나주시 산포면 신도리181-1	126.8052625	35.0061952
20100401	전남	나주시	세지북초등학교	전라남도 나주시 세지면내정리 6-3	126.7376711	34.9507303
20110401	전남	담양군	남면초등학교인암분교장	전라남도 담양군 남면 인암리238	127.0616424	35.1438206
20130401	전남	담양군	봉산초등학교양지분교장	전라남도 담양군 봉산면 양지리135-1	126.9482704	35.2537523
20220401	전남	목포시	목포서산초등학교충무분교장	전라남도 목포시 고하도길 91	126.3673997	34.7620551
20090401	전남	목포시	목포옥남초등학교	전남 목포시 옥암동240-1	126.452775	34.8179504
20210401	전남	목포시	목포유달초등학교율도분교장	전라남도 목포시 율도길 88	126.3226625	34.8032417
20090401	전남	무안군	몽탄남초등학교	전남 무안군 몽탄면 청용리401	126.5020264	34.8926937
20090401	전남	무안군	몽탄북초등학교	전남 무안군 몽탄면 사창리720	126.5172235	34.9656639
20100401	전남	무안군	일로초등학교죽산분교장	전라남도 무안군 일로읍 죽산리22	126.5102203	34.8160256
20180401	전남	무안군	현경초등학교해운분교장	전라남도 무안군 현경면 해운동길 25	126.4636645	35.0603345
20220401	전남	보성군	벌교초등학교장도분교장	전라남도 보성군 벌교읍 장도길 204-6	127.4553777	34.7912046
20150401	전남	보성군	벌교초등학교제석분교장	전라남도 보성군 벌교읍 장호길 14	127.3644354	34.8471808
20170401	전남	보성군	웅치초등학교	전라남도 보성군 웅치면 일림로 1013	127.0206476	34.7165953
20140401	전남	순천시	낙안초등학교창녕분교장	전라남도 순천시 낙안면 창녕길 7	127.3876392	34.9204464
20090401	전남	순천시	별량초등학교마산분교장	전남 순천시 별량면 마산리243-1	127.4514801	34.8451246
20100401	전남	순천시	별량초등학교송산분교장	전라남도 순천시 별량면 송기리294	127.415229	34.8501394
20100401	전남	순천시	상사초등학교쌍지분교장	전라남도 순천시 상사면 쌍지리250	127.4148152	34.9327179
20090401	전남	순천시	주암초등학교어왕분교장	전남 순천시 주암면 어왕리1	127.2370742	35.0975171
20110401	전남	순천시	해룡초등학교농주분교장	전라남도 순천시 해룡면 농주리12	127.5373972	34.8587878
20110401	전남	순천시	황전북초등학교용림분교장	전남 순천시 황전면 선변리745	127.4580064	35.1593519
20140401	전남	순천시	황전초등학교대치분교장	전라남도 순천시 황전면 삽재팔동길 150	127.467821	35.1274847
20100401	전남	신안군	도초초등학교서리분교장	전라남도 신안군 도초면 우이도리1395번지	125.8703794	34.6107992
20080401	전남	신안군	동도초등학교	전남 신안군 도초면 만년리1314	125.974128	34.7115478
20090401	전남	신안군	비금초등학교비금서분교장	전남 신안군 비금면 죽림리832	125.9131719	34.7391088
20120401	전남	신안군	신의초등학교기도분교장	전라남도 신안군 신의면 기도길6-11	126.0851173	34.6346586
20080401	전남	신안군	신의초등학교신의남분교장	전남 신안군 신의면 하태동리438-4	126.0642504	34.5568328
20170401	전남	신안군	안좌초등학교반월분교장	전라남도 신안군 안좌면 방월길 22-2	126.0882752	34.7551447
20220401	전남	신안군	안좌초등학교자라분교장	전라남도 신안군 안좌면 자라도길 37	126.1700563	34.6883906
20090401	전남	신안군	안창초등학교	전남 신안군 안좌면 대리756	126.1695387	34.7156955
20190401	전남	신안군	암태초등학교당사분교장	전라남도 신안군 암태면 당사도길 73-2	126.178338	34.888432
20220401	전남	신안군	암태초등학교추포분교장	전라남도 신안군 암태면 추엽길 82	126.0673623	34.8073835
20090401	전남	신안군	압해동초등학교가란분교장	전남 신안군 압해면 가란리97	126.3676674	34.8710982
20190401	전남	신안군	압해초등학교고이분교장	전라남도 신안군 압해읍 고이길 20	126.2881907	34.9597353
20080401	전남	신안군	장산초등학교장산동분교장	전남 신안군 장산면 팽진리921	126.1738558	34.6362621
20100401	전남	신안군	증도초등학교기점분교장	전남 신안군 증도면병풍리2구 기점도 796번지	126.2141243	34.9718578
20200401	전남	신안군	증도초등학교병풍도분교장	전라남도 신안군 증도면 병풍1길 54	126.2133858	34.9608095
20220401	전남	신안군	증도초등학교소악분교장	전라남도 신안군 증도면 소악길 87	126.1956639	34.9238833
20120401	전남	신안군	지도초등학교동천분교장	전라남도 신안군 지도읍동천길 176-48	126.2494141	35.048988
20190401	전남	신안군	지도초등학교선치분교장	전라남도 신안군 지도읍 선도길 97-14	126.263775	34.9830263
20190401	전남	신안군	지도초등학교어의분교장	전라남도 신안군 지도읍 어의길 17-2	126.1869004	35.13318
20120401	전남	신안군	하의초등학교장병분교장	전라남도 신안군 하의면장병도길 70	126.0459615	34.6518062
20220401	전남	신안군	흑산초등학교영산분교장	전라남도 신안군 흑산면 영산길 19-18	125.4682467	34.6516395
20220401	전남	신안군	흑산초등학교장도분교장	전라남도 신안군 흑산면 장도길 49-1	125.3778293	34.678898
20220401	전남	신안군	흑산초등학교흑산북분교장	전라남도 신안군 흑산면 다물도길 101	125.4449145	34.7382015
20190401	전남	신안군	흑산초등학교흑산서분교장	전라남도 신안군 흑산면 흑산일주로 1499-11	125.4107914	34.6464122
20190401	전남	여수시	거문초등학교덕촌분교장	전라남도 여수시 삼산면 덕흥1길 26거문초덕촌분교장	127.3034647	34.0249974
20210401	전남	여수시	거문초등학교동도분교장	전라남도 여수시 삼산면 동도로 139	127.3125954	34.049811
20190401	전남	여수시	거문초등학교서도분교장	전라남도 여수시 삼산면 녹산등대길 8-17	127.2964861	34.0559852
20130401	전남	여수시	경호초등학교소경분교장	전라남도 여수시 소경도 1길40-5번지	127.707625	34.706326
20210401	전남	여수시	나진초등학교용창분교장	전라남도 여수시 화양면 용문사길 24	127.6186614	34.7272225
20130401	전남	여수시	백초초등학교우두분교장	전라남도 여수시 돌산읍상하동길 174	127.7765344	34.7145103
20220401	전남	여수시	봉덕초등학교평사분교장	전라남도 여수시 돌산읍 평사로 572-9	127.7495375	34.6643571
20090401	전남	여수시	상암초등학교신덕분교장	전남 여수시 신덕동6	127.7681012	34.8223298
20220401	전남	여수시	소라초등학교신흥분교장	전라남도 여수시 소라면 서부로 472-9소라초등학교신흥분교장	127.5899379	34.7728493
20220401	전남	여수시	소라초등학교여자분교장	전라남도 여수시 화정면 여자대동길 21소라초등학교여자분교장	127.4919667	34.7666388
20120401	전남	여수시	여수자산초등학교	전라남도 여수시 관문동1길 39	127.7458006	34.742966
20220401	전남	여수시	여안초등학교	전라남도 여수시 남면 안도해변길 65	127.8054	34.485543
20210401	전남	여수시	연도초등학교	전라남도 여수시 남면 연도길 297	127.8008067	34.4329775
20210401	전남	여수시	율촌초등학교산수분교장	전라남도 여수시 율촌면 왕바위길 135	127.553575	34.881532
20180401	전남	여수시	초도초등학교	전라남도 여수시 삼산면 대동길 30	127.24955	34.23836
20090401	전남	여수시	초도초등학교진막분교장	전남 여수시 삼산면 초도리산2457	127.2342595	34.2293831
20220401	전남	여수시	화태초등학교	전라남도 여수시 남면 마족길 5	127.7352791	34.5851063
20210401	전남	여수시	화태초등학교두라분교장	전라남도 여수시 남면 대두길 87	127.7349671	34.5687754
20150401	전남	여수시	화태초등학교여동분교장	전라남도 여수시 남면 횡간해안길 94-8	127.7599969	34.5801512
20210401	전남	여수시	화태초등학교월호분교장	전라남도 여수시 화정면 월호큰길 54	127.7228805	34.5741826
20100401	전남	영광군	낙월초등학교	전라남도 영광군 낙월면상낙월리 산361	126.1367187	35.2020298
20090401	전남	영광군	대마서초등학교	전남 영광군 대마면 원흥리334-2	126.5585402	35.2954298
20160401	전남	영광군	백수남초등학교	전라남도 영광군 백수읍 상사길 25	126.3724326	35.2668101
20160401	전남	영광군	백수초등학교백수동분교장	전라남도 영광군 백수읍 성지로 882	126.4503511	35.2952615
20220401	전남	영광군	법성포초등학교안마분교장	전라남도 영광군 낙월면 안마길1길 27	126.0256731	35.345588
20130401	전남	영광군	법성포초등학교진량분교장	전라남도 영광군 법성면 신장리868	126.4769622	35.3302734
20130401	전남	영광군	송흥초등학교	전라남도 영광군 염산면옥실리 158	126.3794973	35.1916891
20080401	전남	영광군	염산초등학교신성분교장	전남 영광군 염산면 신성리255	126.3616444	35.2406647
20130401	전남	영광군	염산초등학교야월분교장	전라남도 영광군 염산면 야월리300번지	126.3190202	35.2298741
20110401	전남	영광군	영광서초등학교	전라남도 영광군 영광읍계송리 667	126.5201875	35.3005723
20190401	전남	영광군	영광중앙초등학교월송분교장	전라남도 영광군 영광읍 덕호로 36	126.4855214	35.3065339
20120401	전남	영광군	월송초등학교	전라남도 영광군 영광읍 덕호로36	126.4855214	35.3065339
20100401	전남	영광군	홍농초등학교동명분교장	전라남도 영광군 홍농읍 가곡리243	126.4728534	35.4019699
20080401	전남	영암군	도포초등학교도신분교장	전남 영암군 도포면 영호리산167	126.6536004	34.8650373
20080401	전남	영암군	도포초등학교수산분교장	전남 영암군 도포면 수산리282-4	126.6676531	34.8367727
20160401	전남	영암군	도포초등학교영농분교장	전라남도 영암군 도포면 영호길 89	126.647374	34.8712218
20090401	전남	영암군	미암서초등학교	전남 영암군 미암면 호포리83	126.5439672	34.6985701
20110401	전남	영암군	시종초등학교신학분교장	전남 영암군 시종면 신학리709	126.5902092	34.8305406
20110401	전남	영암군	신북초등학교신북서분교장	전남 영암군 신북면 학동리468	126.6790145	34.9286887
20100401	전남	영암군	종남초등학교	전라남도 영암군 시종면금지리 1078	126.6085846	34.898416
20200401	전남	완도군	군외초등학교불목분교장	전라남도 완도군 군외면 청해진북로 609	126.6993133	34.3927269
20090401	전남	완도군	금당초등학교비견분교장	전남 완도군 금당면 차우리1555	127.0807098	34.4249095
20110401	전남	완도군	금일초등학교신도분교장	전라남도 완도군 금일읍 신도길41-1	127.0465947	34.3870604
20090401	전남	완도군	노화동초등학교	전남 완도군 노화읍 구석리925	126.6029889	34.2051423
20090401	전남	완도군	생영초등학교봉선분교장	전남 완도군 생일면 봉선리516	126.9886059	34.3119134
20080401	전남	완도군	소안초등학교진산분교장	전남 완도군 소안면 진산리847	126.6427728	34.1367243
20080401	전남	완도군	소안초등학교횡간분교장	전남 완도군 소안면 횡간리151	126.6116169	34.239593
20110401	전남	완도군	청산초등학교여서분교장	전라남도 완도군 청산면 여서리 31번길 22-8전라남도 완도군 청산면 여서리 31번길 22-8	126.9251963	33.9826135
20090401	전남	장성군	약수초등학교북상분교장	전남 장성군 북하면 신성리71-1	126.84748	35.425791
20080401	전남	장성군	월평초등학교황룡분교장	전남 장성군 황룡면 아곡리46	126.743095	35.3122879
20220401	전남	장흥군	안양동초등학교	전라남도 장흥군 안양면 안양로 742	127.0254939	34.6346878
20090401	전남	진도군	석교초등학교용등분교장	전남 진도군 임회면 백동리633번지	126.1905815	34.3798482
20110401	전남	진도군	석교초등학교죽림분교장	전라남도 진도군 임회면 죽림리779번지	126.2502665	34.3904896
20220401	전남	진도군	오산초등학교금호도분교장	전라남도 진도군 고군면 금호도길 47	126.3689345	34.413304
20100401	전남	진도군	오산초등학교향동분교장	전라남도 진도군 고군면 향동리1524	126.3407139	34.4641791
20140401	전남	진도군	의동초등학교	전라남도 진도군 의신면 진도대로 1661	126.333775	34.4225263
20130401	전남	진도군	의신초등학교명금분교장	전라남도 진도군 의신면 송정리554	126.2717094	34.416284
20120401	전남	진도군	조도초등학교관매분교장	전라남도 진도군 조도면 관매도리 457	126.0534109	34.2397442
20220401	전남	진도군	조도초등학교관사분교장	전라남도 진도군 조도면 관사도길 12	125.9759926	34.3093524
20090401	전남	진도군	지산서초등학교	전남 진도군 지산면 가치리904-3	126.1224274	34.4344395
20080401	전남	진도군	지산초등학교길은분교장	전남 진도군 지산면 길은리494-1	126.1879287	34.4698155
20080401	전남	함평군	대동향교초등학교대신분교장	전남 함평군 대동면 금산리422-7	126.494433	35.1236615
20100401	전남	함평군	영창초등학교	전라남도 함평군 학교면사거리 172	126.5352059	35.0317331
20090401	전남	함평군	학다리초등학교	전남 함평군 학교면 학교리585	126.5366176	35.0132949
20090401	전남	해남군	계곡초등학교계곡서분교장	전남 해남군 계곡면 사정리375	126.5990465	34.6530174
20140401	전남	해남군	문내동초등학교	전라남도 해남군 문내면 신창길 36	126.3505374	34.6003734
20140401	전남	해남군	문내초등학교	전라남도 해남군 문내면 문내화원로 541	126.3486345	34.6332716
20080401	전남	해남군	북일초등학교산동분교장	전남 해남군 북일면 내동리645	126.7090814	34.4472601
20180401	전남	해남군	산이서초등학교금호분교장	전라남도 해남군 산이면 금호길 98	126.3627802	34.691023
20140401	전남	해남군	송지초등학교서정분교장	전라남도 해남군 송지면 달마로 524	126.5614375	34.3891154
20220401	전남	해남군	어란진초등학교어불분교장	전라남도 해남군 송지면 어불길 50-7어란진초등학교어불분교장	126.4722717	34.3377675
20110401	전남	해남군	옥동초등학교	전라남도 해남군 황산면옥동리 22	126.3478248	34.5713993
20090401	전남	해남군	우수영초등학교중화분교	전남 해남군 문내면 무고리806-1번지	126.3070908	34.6389315
20140401	전남	해남군	우수영초등학교중화분교장	전라남도 해남군 문내면 증도길 31	126.2832839	34.6324138
20180401	전남	해남군	화산남초등학교	전라남도 해남군 화산면 사포길 10	126.4845869	34.4517531
20110401	전남	해남군	화원초등학교화원북분교장	전남 해남군 화원면 매월리245	126.3002755	34.7329518
20080401	전남	해남군	황산초등학교한자분교장	전남 해남군 황산면 한자리88	126.4479433	34.5562067
20090401	전남	화순군	능주북초등학교	전남 화순군 능주면 만수리129	126.9528054	35.0127386
20080401	전남	화순군	사평초등학교반곡분교장	전남 화순군 한천면 반곡리305	127.0702259	34.9751739
20100401	전남	화순군	이서초등학교	전라남도 화순군 이서면영평리 282-1	127.0442555	35.1174112
20130401	전남	화순군	이양초등학교금능분교장	전라남도 화순군 이양면 금능리80-2	126.9962768	34.9241209
20080401	전북	고창군	석남초등학교	전북 고창군 상하면 석남리688	126.4611532	35.440376
20210401	전북	군산시	비안도초등학교	전라북도 군산시 옥도면 비안도1길 7	126.4566341	35.7353715
20080401	전북	군산시	상평초등학교	전북 군산시 옥구읍 상평리471	126.7082632	35.929315
20220401	전북	군산시	어청도초등학교	전라북도 군산시 옥도면 어청도길 95-7	125.9791925	36.1206091
20150401	전북	군산시	오식도초등학교	전라북도 군산시 요죽5길 42	126.5615425	35.9673048
20170401	전북	군산시	해성초등학교내초분교장	전라북도 군산시 내초안길 21-12	126.5913758	35.9510951
20080401	전북	무주군	삼방초등학교	전북 무주군 적상면 삼유리572	127.6134733	35.9228346
20100401	전북	부안군	보안초등학교	전라북도 부안군 보안면 하입석리573-2	126.6897373	35.6218059
20220401	전북	부안군	위도초등학교식도분교장	전라북도 부안군 위도면 식도1길 17-2	126.2848626	35.6241919
20220401	전북	부안군	장신초등학교	전라북도 부안군 하서면 석불로 68	126.6267546	35.7173825
20100401	전북	완주군	고산동초등학교	전라북도 완주군 고산면 소향리318-1	127.2570073	35.9885144
20180401	전북	익산시	금성초등학교	전라북도 익산시 성당면 성당로 649	126.9210323	36.1223772
20110401	전북	익산시	성남초등학교	전라북도 익산시 망성면 내촌리92	127.0491816	36.0994361
20090401	전북	익산시	여산남초등학교	전북 익산시 여산면 원수리465-4	127.0953289	36.0408884
20090401	전북	익산시	여산서초등학교	전북 익산시 여산면 두여리1184-2	127.0607966	36.0702098
20220401	전북	임실군	신덕초등학교	전라북도 임실군 신덕면 수지로 56	127.1763008	35.6826283
20190401	전북	정읍시	관청초등학교	전라북도 정읍시 고부면 관청길 88	126.7447625	35.6157571
20120401	전북	정읍시	회룡초등학교	전라북도 정읍시 정우면정우길 149	126.9081923	35.6575603
20090401	전북	진안군	연장초등학교	전북 진안군 진안읍 연장리998번지	127.3768499	35.7706604
20220401	제주	서귀포시	가파초등학교마라분교장	제주특별자치도 서귀포시 대정읍 마라로 58	126.2668551	33.1192926
20090401	제주	서귀포시	서광초등학교동광분교장	제주 서귀포시 안덕면 동광리967	126.3386651	33.3074444
20100401	제주	제주시	노형초등학교해안분교장	제주특별자치도 제주시 해안동1948	126.4541579	33.456787
20170401	제주	제주시	애월초등학교더럭분교장	제주특별자치도 제주시 애월읍 하가로 195	126.3454657	33.4536197
20100401	제주	제주시	외도초등학교도평분교장	제주특별자치도 제주시 도평동866	126.4472439	33.4805613
20100401	제주	제주시	조천초등학교신흥분교장	제주특별자치도 제주시 조천읍 신흥리94	126.6535591	33.5481025
20220401	제주	제주시	한림초등학교비양분교장	제주특별자치도 제주시 한림읍 비양도길 270	126.2313255	33.4073293
20210401	제주	제주시	함덕초등학교선흘분교장	제주특별자치도 제주시 조천읍 선흘동1길 41	126.704579	33.5150582
20080401	충남	공주시	월산초등학교	충남 공주시 정안면 월산리393	127.083418	36.6273919
20170401	충남	공주시	주봉초등학교	충청남도 공주시 이인면 검바위로 540	127.0788635	36.3874933
20120401	충남	공주시	중장초등학교	충청남도 공주시 계룡면 갑사로 307	127.165261	36.3687328
20080401	충남	금산군	금계초등학교	충남 금산군 금성면 하신리240-2	127.4792942	36.1609176
20110401	충남	금산군	복수초등학교용진분교장	충청남도 금산군 복수면 용진길2	127.4316746	36.1720763
20220401	충남	논산시	대명초등학교	충청남도 논산시 상월면 상월로 260	127.1671718	36.2979366
20160401	충남	논산시	동산초등학교	충청남도 논산시 양촌면 황산벌로 436	127.2384469	36.13671
20110401	충남	논산시	성광초등학교	충청남도 논산시 성동면 병촌리351	127.0123094	36.1924845
20120401	충남	논산시	호암초등학교	충청남도 논산시 노성면 호월로113번길 6	127.0873578	36.3046199
20220401	충남	논산시	황화초등학교	충청남도 논산시 연무읍 마봉로 31-4	127.0892473	36.0889657
20130401	충남	당진시	남산초등학교	충청남도 당진시 면천면 자개리622-1	126.6703192	36.7940983
20140401	충남	당진시	도성초등학교	충청남도 당진시 대호지면 대호로 470	126.5134661	36.9328615
20090401	충남	당진시	삼봉초등학교난지분교	충남 당진군 석문면 난지도리138-1	126.4334908	37.0483045
20180401	충남	보령시	청룡초등학교고대분교장	충청남도 보령시 대해로 646	126.5383728	36.3196206
20100401	충남	부여군	남산초등학교	충청남도 부여군 장암면 장하리691-1	126.9461509	36.2305578
20180401	충남	부여군	인세초등학교	충청남도 부여군 세도면 인세로 40-3	126.9726951	36.1670413
20090401	충남	부여군	장수초등학교	충남 부여군 홍산면 조현리379-1	126.7861763	36.2259312
20080401	충남	부여군	칠산초등학교	충남 부여군 임천면 칠산리219-1	126.9147393	36.1576345
20080401	충남	서산시	고성초등학교	충남 서산시 팔봉면 진장리806-5	126.3560554	36.775358
20160401	충남	서산시	대산초등학교웅도분교장	충청남도 서산시 대산읍 웅도1길 82	126.3837	36.920076
20120401	충남	서산시	반양초등학교	충청남도 서산시 해미면 반양리395	126.5409685	36.7210236
20090401	충남	서산시	인지초등학교인정분교장	충남 서산시 인지면 모월리311-2	126.4222682	36.7233236
20150401	충남	서천군	송림초등학교유부도분교장	충청남도 서천군 장항읍 유부도길 43	126.6007872	35.9948063
20120401	충남	청양군	대치초등학교	충청남도 청양군 대치면 청산로690-13	126.8533399	36.4673118
20080401	충남	태안군	송암초등학교장	충남 태안군 태안읍 송암리765-1	126.3004187	36.7353566
20210401	충남	태안군	원북초등학교방갈분교장	충청남도 태안군 원북면 옥파로 815-2	126.2123986	36.8737704
20130401	충남	태안군	파도초등학교	충청남도 태안군 소원면 파도리198	126.1412359	36.7344434
20140401	충남	홍성군	광남초등학교	충청남도 홍성군 광천읍 광천로 169	126.6174427	36.4921944
20130401	충남	홍성군	광동초등학교	충청남도 홍성군 광천읍 홍남로 705번길 16	126.6291878	36.506457
20150401	충남	홍성군	광성초등학교	충청남도 홍성군 갈산면 갈산서길475번길 14	126.5299299	36.6391791
20140401	충남	홍성군	대평초등학교	충청남도 홍성군 광천읍 홍남동로 161	126.661863	36.516642
20190401	충남	홍성군	덕명초등학교	충청남도 홍성군 광천읍 광천로 348	126.6246697	36.5054497
20100401	충남	홍성군	용호초등학교	충청남도 홍성군 결성면 용호리2-3	126.5586817	36.5787457
20170401	충남	홍성군	장곡초등학교반계분교장	충청남도 홍성군 장곡면 무한로 1115	126.7523702	36.5062133
20150401	충남	홍성군	장곡초등학교오서분교장	충청남도 홍성군 장곡면 장곡길434번길 19	126.6777134	36.486264
20110401	충북	괴산군	문광초등학교덕평분교장	충청북도 괴산군 청천면 송문로덕평2길42	127.7966388	36.7304843
20090401	충북	괴산군	보광초등학교화곡분교	충북 괴산군 사리면 이곡리452	127.712172	36.7998662
20130401	충북	괴산군	보광초등학교화곡분교장	충청북도 괴산군 사리면 모래재로941	127.7129003	36.8004935
20170401	충북	괴산군	추산초등학교	충청북도 괴산군 불정면 동추산길 1	127.8177012	36.9027655
20090401	충북	괴산군	칠성초등학교외사분교	충북 괴산군 칠성면 외사리152	127.8399199	36.7697868
20190401	충북	단양군	단천초등학교가산분교장	충청북도 단양군 단성면 선암계곡로 1092	128.3056877	36.893851
20180401	충북	단양군	대강초등학교장정분교장	충청북도 단양군 대강면 온천로 719-7	128.395263	36.846632
20210401	충북	단양군	별방초등학교	충청북도 단양군 영춘면 별방창원로 449	128.4158125	37.0963571
20090401	충북	단양군	영춘초등학교의풍분교	충북 단양군 영춘면 의풍리663번지	128.6160476	37.0639694
20080401	충북	단양군	영춘초등학교의풍분교장	충북 단양군 영춘면 의풍리663	128.6160476	37.0639694
20210401	충북	보은군	송죽초등학교	충청북도 보은군 삼승면 남부로 3927	127.7348414	36.4379566
20180401	충북	보은군	수정초등학교삼가분교장	충청북도 보은군 속리산면 삼가구병길 9	127.860038	36.490951
20180401	충북	영동군	미봉초등학교	충청북도 영동군 양강면 학산영동로 495	127.727227	36.12796
20140401	충북	옥천군	대성초등학교	충청북도 옥천군 이원면 이원로 443	127.6302837	36.2129098
20120401	충북	옥천군	이원초등학교지탄분교장	충청북도 옥천군 이원면 지탄1길76	127.6817088	36.2437197
20090401	충북	옥천군	청성초등학교능월분교장	충북 옥천군 청성면 도장리496번지	127.7335783	36.3735327
20090401	충북	음성군	남신초등학교덕생분교	충북 음성군 음성읍 삼생리94	127.623313	36.9141514
20120401	충북	음성군	남신초등학교덕생분교장	충청북도 음성군 음성읍 삼생리94	127.623313	36.9141514
20190401	충북	음성군	대장초등학교	충청북도 음성군 소이면 장금로 79	127.7519721	36.9237316
20210401	충북	제천시	입석초등학교	충청북도 제천시 송학면 입석로3길 17	128.2933088	37.1997477
20140401	충북	청주시	강외초등학교	충북 청원군 강외면 오송2길 26	127.3255875	36.6131071
20110401	충북	청주시	남일초등학교두산분교장	충청북도 청원군 남일면 두산리106-1	127.5398626	36.5574828
20080401	충북	청주시	오창초등학교가좌분교장	충북 청원군 오창읍 가좌리129	127.366652	36.7358814
20080401	충북	청주시	오창초등학교유리분교장	충북 청원군 오창읍 유리394	127.4760457	36.7544474
20190401	충북	청주시	옥산초등학교소로분교장	충청북도 청주시 흥덕구 옥산면 소로1길 65	127.4040744	36.6884672
20150401	충북	충주시	가금초등학교	충청북도 충주시 중앙탑면 첨단산업로 670	127.8555043	37.0273196
20190401	충북	충주시	강천초등학교	충청북도 충주시 앙성면 학교말2길 50	127.7519787	37.1629594
20210401	충북	충주시	동락초등학교	충청북도 충주시 신니면 신덕로 301	127.686138	37.00345
20200401	충북	충주시	야동초등학교	충청북도 충주시 소태면 구룡로 769	127.8776945	37.1004113
20090401	충북	충주시	엄정초등학교목계분교장	충북 충주시 엄정면 목계리111	127.8903377	37.0813094
20100401	강원	정선군	화동초등학교북동분교장	강원도 정선군 화암면 북동리183-1	128.7929607	37.3800533
20090401	강원	춘천시	가정초등학교	강원 춘천시 남면 가정리838번지	127.5775786	37.7367942
20090401	강원	홍천군	내촌초등학교와야분교장	강원 홍천군 내촌면 와야리881	128.1301513	37.8049814
20190401	강원	홍천군	노천초등학교	강원도 홍천군 동면 공작산로 1220	128.0145426	37.6682173
20170401	강원	홍천군	속초초등학교노천분교장	강원도 홍천군 동면 공작산로 1220	128.0145426	37.6682173
20210401	강원	홍천군	내촌초등학교동창분교장	강원도 홍천군 내촌면 동창로 143	128.144273	37.7857607
20190401	강원	홍천군	동창초등학교	강원도 홍천군 내촌면 동창로 143	128.144273	37.7857607
20080401	강원	횡성군	당평초등학교	강원 횡성군 갑천면 추동리70번지	128.0393673	37.5665398
20080401	강원	횡성군	둔내초등학교영호분교장	강원 횡성군 둔내면 영랑리375	128.189708	37.46611
20130401	경기	양평군	서종초등학교정배분교장	경기도 양평군 서종면 정배리328	127.4237579	37.6028498
20090401	경기	양평군	양동초등학교단석분교장	경기 양평군 양동면 쌍학리358번지	127.7482046	37.4078
20090401	경기	여주시	점동초등학교안평분교장	경기 여주군 점동면 장안리480-3번지	127.7108086	37.2029801
20080401	경기	연천군	연천초등학교고문분교	경기 연천군 연천읍 고문리259	127.1131564	38.0652676
20190401	경기	오산시	매홀초등학교삼미분교장	경기도 오산시 외삼미로 60-11	127.060272	37.191323
20120401	경기	화성시	동탄초등학교신리분교장	경기도 화성시 동탄면 신리317-1	127.1403798	37.1807408
20110401	경남	밀양시	하남대사초등학교	경상남도 밀양시 하남읍 대사리247	128.733784	35.393913
20130401	경남	사천시	삼천포초등학교신도분교장	경상남도 사천시 늑도동37-21	128.039877	34.921885
20120401	경남	창원시	웅천초등학교수도분교장	경상남도 창원시 진해구 수도동40-1	128.7472346	35.085001
20080401	경남	통영시	사량초등학교수우도분교장	경남 통영시 사량면 돈지리324-1번지	128.182988	34.855439
20180401	경남	하동군	고남초등학교	경상남도 하동군 고전면 소량산길 7	127.7981177	35.0008969
20210401	경남	하동군	고전초등학교고남분교장	경상남도 하동군 고전면 소량산길 7	127.7981177	35.0008969
20090401	경북	경산시	금곡초등학교	경북 경산시 남천면 금곡리376번지	128.7418849	35.7599068
20100401	경북	경산시	남산초등학교삼성분교장	경북 경산시 남산면 하대리371번지	128.8044591	35.7956492
20100401	경북	경주시	경주초등학교화천분교장	경북 경주시 건천읍 화천리1330번지	129.137836	35.79689
20100401	경북	경주시	대본초등학교	경상북도 경주시 감포읍 대본리669-2번지	129.4841006	35.7448368
20100401	경북	경주시	의곡초등학교우라분교장	경상북도 경주시 산내면 우라리988	129.0129981	35.8119367
20090401	경북	경주시	전촌초등학교	경북 경주시 감포읍 전촌리638번지	129.4909707	35.7904286
20090401	경북	고령군	다산초등학교노곡분교장	경북 고령군 다산면 노곡리710번지	128.4132783	35.8417449
20100401	경북	구미시	산동초등학교송백분교장	경북 구미시 산동면 송산리242번지	128.4785378	36.2151676
20130401	경북	김천시	곡송초등학교	경상북도 김천시 감문면 태촌리115	128.2297775	36.1983172
20090401	경북	영양군	수비초등학교신암분교장	경북 영양군 수비면 신암리167번지	129.1845109	36.8558676
20080401	경북	영주시	순흥초등학교배점분교장	경북 영주시 순흥면 배점리182	128.5551617	36.9322599
20200401	경북	영천시	영화초등학교화덕분교장	경상북도 영천시 화산면 덕암길 104	128.832825	36.0327583
20150401	경북	영천시	화덕초등학교	경상북도 영천시 화산면 덕암길 104	128.832825	36.0327583
20090401	경북	영천시	임고초등학교수성분교장	경북 영천시 임고면 수성리901번지	129.110063	36.056938
20080401	경북	예천군	은풍초등학교은계분교장	경북 예천군 상리면 석묘리389번지	128.4560739	36.790938
20160401	경북	의성군	쌍호초등학교	경상북도 의성군 안사면 안사풍천길 986	128.423162	36.497526
20190401	경북	의성군	이두초등학교쌍호분교장	경상북도 의성군 안사면 안사풍천길 986	128.423162	36.497526
20130401	경북	의성군	춘산초등학교효선분교장	경북 의성군 춘산면 사미리331번지	128.7580358	36.2500759
20180401	경북	청도군	금천초등학교문명분교장	경상북도 청도군 운문면 운문로 1558	128.9615226	35.6848755
20130401	경북	포항시	동해초등학교흥환분교장	경상북도 포항시 남구 동해면 흥환리359	129.502893	36.023425
20090401	경북	포항시	장기초등학교봉산분교장	경북 포항시 남구 장기면 창지리84번지	129.4822878	35.9300196
20110401	부산	강서구	천가초등학교천성분교장	부산광역시 강서구 성북동   812-1천가초등학교천성분교장	128.8297753	35.0558467
20180401	부산	동구	좌천초등학교	부산광역시 동구 증산서로 8	129.048623	35.135587
20080401	부산	동구	중앙초등학교	부산 동구 수정1동365	129.0421848	35.1239006
20180401	울산	북구	연암초등학교효문분교	울산광역시 북구 송도길 84	129.3683878	35.567069
20200401	울산	북구	연암초등학교효문분교장	울산광역시 북구 송도길 84	129.3683878	35.567069
20170401	울산	울주군	검단초등학교	울산광역시 울주군 웅촌면 은현작동로 58	129.1777125	35.4578263
20130401	울산	울주군	길천초등학교이천분교	울산광역시 울주군 상북면 이천리377	129.0133694	35.5420523
20100401	울산	울주군	길천초등학교이천분교장	울산광역시 울주군 상북면 이천리377	129.0133694	35.5420523
20200401	울산	울주군	웅촌초등학교검단분교장	울산광역시 울주군 웅촌면 은현작동로 58	129.1777125	35.4578263
20110401	울산	울주군	청량초등학교문수분교	울산 울주군 청량면 율리390번지	129.2401579	35.5191755
20100401	울산	울주군	청량초등학교문수분교장	울산 울주군 청량면 율리390번지	129.2401579	35.5191755
20220401	인천	강화군	교동초등학교지석분교장	인천광역시 강화군 교동면 교동북로 275-1	126.2567474	37.8008716
20170401	인천	강화군	지석초등학교	인천광역시 강화군 교동면 교동북로 275-1	126.2567474	37.8008716
20090401	인천	계양구	인천계양초등학교상야분교	인천 계양구 상야동130번지	126.7800187	37.5791168
20080401	인천	옹진군	인천공항초등학교신도분교	인천 옹진군 북도면 신도리478번지	126.4433919	37.5200672
20080401	인천	중구	인천영종초등학교금산분교	인천 중구 운북동산141번지	126.52171	37.51321
20080401	인천	중구	인천용유초등학교무의분교	인천 중구 무의동산206-1	126.4109269	37.3816483
20090401	전남	고흥군	금산남초등학교	전남 고흥군 금산면 오천리486	127.2065603	34.4342702
20100401	전남	고흥군	송산초등학교	전라남도 고흥군 포두면송산리 378	127.360882	34.602742
20080401	전남	고흥군	풍양초등학교고옥분교장	전남 고흥군 풍양면 고옥리275	127.2116296	34.5714139
20090401	전남	나주시	금천동초등학교	전남 나주시 금천면 석전리129-3	126.7765166	35.0340245
20110401	전남	나주시	동강초등학교곡강분교장	전남 나주시 동강면 양지리441	126.553621	34.9689168
20090401	전남	무안군	해제동초등학교	전남 무안군 해제면 유월리563	126.3184758	35.11269
20080401	전남	보성군	예당초등학교득량분교장	전남 보성군 득량면 송곡리790-1	127.1606914	34.7763712
20220401	전남	여수시	거문초등학교손죽분교장	전라남도 여수시 삼산면 손죽새터길 6-7	127.3587796	34.2853268
20140401	전남	여수시	초도초등학교손죽분교장	전라남도 여수시 삼산면 손죽새터길 6-7	127.3587796	34.2853268
20100401	전남	여수시	묘도초등학교	전라남도 여수시 묘도동910	127.7094891	34.8752556
20120401	전남	여수시	안일초등학교여산분교장	전라남도 여수시 화정면 낭도리1058	127.5409513	34.6091397
20090401	전남	여수시	연도초등학교역포분교장	전남 여수시 남면 연도리1238	127.8008	34.432663
20120401	전남	여수시	중흥초등학교	전라남도 여수시 중흥동592	127.687477	34.828363
20110401	전남	여수시	중흥초등학교묘도분교장	전남 여수시 묘도동911	127.70957	34.875251
20130401	전남	영암군	시종초등학교종남분교장	전라남도 영암군 시종면금지리 1086	126.6095553	34.8985781
20110401	전남	완도군	군외초등학교백일분교장	전라남도 완도군 군외면 당인리106-24	126.588876	34.294835
20190401	전남	완도군	보길동초등학교예작분교장	전라남도 완도군 보길면 예작도길 1-13	126.5685225	34.135331
20090401	전남	완도군	청산초등학교청산동분교장	전남 완도군 청산면 부흥리591	126.886135	34.1776971
20080401	전남	장흥군	관산초등학교영성분교장	전남 장흥군 관산읍 죽청리421	126.966704	34.5807649
20080401	전남	진도군	고성초등학교오룡분교장	전남 진도군 고군면 오류리870	126.3323348	34.5316698
20090401	전남	진도군	광석초등학교	전남 진도군 임회면 삼막리250	126.2311058	34.4271503
20130401	전남	진도군	의동초등학교모도분교장	전라남도 진도군 의신면모도리 125-1	126.3553586	34.4075404
20080401	전남	진도군	의신초등학교유정분교장	전남 진도군 의신면 연주리451	126.3175875	34.4338467
20080401	전남	진도군	조도초등학교상도분교장	전남 진도군 조도면 맹성리963	126.0329312	34.3349539
20110401	전남	해남군	군곡초등학교	전라남도 해남군 송지면군곡리 441	126.5344681	34.4063991
20080401	전남	해남군	황산초등학교원호분교장	전남 해남군 황산면 원호리902	126.4977943	34.5901028
20100401	전북	장수군	원촌초등학교	전라북도 장수군 계북면 원촌리1252번지	127.6304137	35.8101546
20080401	충남	부여군	남성초등학교	충남 부여군 남면 회동리642	126.8053789	36.21151
20090401	충남	서산시	부성초등학교중왕분교장	충남 서산시 지곡면 중왕리244-1	126.3870349	36.8739018
20100401	충남	청양군	수정초등학교칠갑분교장	충청남도 청양군 대치면 장곡리153	126.8462492	36.4059564
20130401	충남	홍성군	광신초등학교	충청남도 홍성군 광천읍 광천리9	126.634215	36.508457
20120401	강원	양구군	임당초등학교팔랑분교장	강원도 양구군 동면 팔랑1리1289-3	128.058834	38.211879
20130401	강원	정선군	사음초등학교	강원도 정선군 사북읍 사북1리270번지	128.834767	37.228576
20130401	강원	홍천군	화계초등학교성동분교장	강원 홍천군 북방면 성동리9-4	127.877896	37.7433
20110401	강원	횡성군	강림초등학교부곡분교장	강원도 횡성군 강림면 부곡2리617 번지	128.086561	37.331266
20080401	강원	횡성군	공근초등학교광덕분교	강원 횡성군 공근면 신촌리155	127.92659	37.528709
20220401	경기	광명시	도덕초등학교	경기도 광명시 가마산로 28	126.870172	37.484154
20130401	경기	용인시	원삼초등학교두창분교장	경기도 용인시 처인구 원삼면 두창리복분로 29	127.343169	37.158
20120401	경남	통영시	원량초등학교노대분교장	경상남도 통영시 욕지면 노대리 상리길 35-4666-3	128.245404	34.671281
20120401	경남	통영시	한산초등학교비진분교장	경상남도 통영시 한산면 비진리내항길 42	128.463291	34.730652
20120401	경남	통영시	한산초등학교용호분교장	경상남도 통영시 한산면 용호리호두1길 351	128.494346	34.7499
20090401	경북	경산시	신상초등학교	경북 경산시 진량읍 신상3리343-1	128.821257	35.874664
20130401	경북	고령군	백산초등학교	경상북도 고령군 쌍림면 백산리3184	128.208668	35.675999
20080401	경북	군위군	고로초등학교	경북 군위군 고로면 학성1리149-3	128.801943	36.12995
20170401	경북	봉화군	물야초등학교북지분교장	경상북도 봉화군 물야면 문수로 483	128.739542	36.934063
20090401	경북	포항시	구룡포동부초등학교	경북 포항시 남구 구룡포읍 구룡포6리381-1	129.561191	35.991626
20170401	부산	강서구	삼광초등학교	부산광역시 강서구 제도로 434	128.917311	35.151769
20150401	부산	강서구	세산초등학교	부산광역시 강서구 세산길 89	128.837252	35.150982
20110401	부산	강서구	세산초등학교녹산분교장	부산광역시 강서구 구랑동세산초등학교녹산분교장	128.857776	35.124486
20220401	서울	강남구	서울개포초등학교	서울특별시 강남구 영동대로3길 45	127.070821	37.486642
20090401	인천	강화군	서도초등학교볼음분교	인천 강화군 서도면 불음도리696-1	126.189608	37.67121
20110401	전남	신안군	압해초등학교매화분교장	전라남도 신안군 압해면 매화리653	126.241352	34.919174
20100401	전남	신안군	압해초등학교쌍룡분교장	전라남도 신안군 압해면 복용리420	126.327252	34.900898
20220401	전남	신안군	흑산초등학교하태분교장	전라남도 신안군 흑산면 장굴길 43-2	125.298675	34.389997
20110401	전남	여수시	돌산초등학교송도분교장	전라남도 여수시 돌산읍 군내리송도 1434번지	127.707831	34.607453
20080401	전남	영광군	법성포초등학교송이분교장	전남 영광군 낙월면 송이도산270	126.149936	35.276116
20090401	전남	진도군	관매초등학교	전남 진도군 조도면 관매리459-1	126.053118	34.240024
20110401	전남	진도군	조도초등학교동거차분교장	전라남도 진도군 조도면 동거차도30-6	125.939086	34.238285
20120401	전북	군산시	선연초등학교	전라북도 군산시 옥서면 신오산길188	126.636644	35.90246
20090401	전북	장수군	번암초등학교동화분교	전북 장수군 번암면 동화리	127.557225	35.567632
20100401	전북	정읍시	용곽초등학교	전라북도 정읍시 감곡면 용곽리 256	126.888598	35.729654
20090401	제주	제주시	연평초등학교	제주 제주시 우도면서광리 1442번지	126.954921	33.50528
20080401	충남	공주시	당암초등학교	충남 공주시 장기면 당암리126-2	127.255114	36.490177
20120401	충남	공주시	의랑초등학교	충청남도 공주시 의당면 태산길50-1	127.191005	36.550035
20120401	충남	공주시	장기초등학교	충청남도 공주시 장기면 장척로398-9	127.206107	36.496203
20130401	충북	진천군	진천삼수초등학교매산분교장	충청북도 진천군 덕산면 산수리산삼로 46	127.480764	36.885739
20120401	충북	청주시	외천초등학교	충청북도 청원군 부용면 외천리294	127.432271	36.540951
20130401	충북	충주시	노은초등학교수상분교장	충청북도 충주시 노은면 안락리 감노로 1055	127.71541	37.050963
